source,category_gold,count_before,count_after,removed_count,removal_rate_pct
tuoitre,Giáo dục,555,555,0,0.0
tuoitre,Giải trí,418,418,0,0.0
tuoitre,Khoa học công nghệ,103,103,0,0.0
tuoitre,Kinh doanh,903,899,4,0.44
tuoitre,Pháp luật,551,543,8,1.45
tuoitre,Sức khỏe,348,348,0,0.0
tuoitre,Thể thao,900,899,1,0.11
vietnamnet,Giáo dục,299,295,4,1.34
vietnamnet,Giải trí,340,340,0,0.0
vietnamnet,Khoa học công nghệ,298,297,1,0.34
vietnamnet,Kinh doanh,537,530,7,1.3
vietnamnet,Pháp luật,231,230,1,0.43
vietnamnet,Sức khỏe,334,332,2,0.6
vietnamnet,Thể thao,518,517,1,0.19
vnexpress,Giáo dục,185,183,2,1.08
vnexpress,Giải trí,422,422,0,0.0
vnexpress,Khoa học công nghệ,301,300,1,0.33
vnexpress,Kinh doanh,555,543,12,2.16
vnexpress,Pháp luật,409,409,0,0.0
vnexpress,Sức khỏe,556,554,2,0.36
vnexpress,Thể thao,541,541,0,0.0
