kept_article_id,removed_article_id,duplicate_type,evidence
TTR_9b8e05e9c007,VNE_a3a58bb1a4b6,exact_title,"{""exact_title"": ""con gái bà cao thị ngọc dung đã bán 7 triệu cổ phiếu pnj""}"
TTR_d81ba52fcc71,VNN_bd9bdce85826,exact_title,"{""exact_title"": ""vietjet tổ chức chuỗi ngày hội tuyển dụng tiếp viên hàng không năm 2026""}"
TTR_e2836bdb6a4a,TTR_9bceb37c3c7a,exact_title,"{""exact_title"": ""bảng xếp hạng bóng đá nam asiad 20 u23 việt nam nhì bảng c""}"
TTR_f92fc5808092,TTR_d1f883def03c,exact_title,"{""exact_title"": ""tiếp tục hoãn phiên tòa xét xử tài xế gây tai nạn làm chết nữ sinh 14 tuổi ở vĩnh long""}"
TTR_fbd4a3a200cc,VNN_4de91baec3b9,exact_title,"{""exact_title"": ""apec 2027 cột mốc tạo động lực cho cảng hàng không quốc tế gia bình""}"
VNE_7c2cbcb5247f,VNE_03e8594cb5a7,exact_title,"{""exact_title"": ""giá xăng dầu cùng tăng""}"
VNE_7c2cbcb5247f,VNE_a4eb34c2818e,exact_title,"{""exact_title"": ""giá xăng dầu cùng tăng""}"
VNE_ba28867e9ff4,VNN_022f14b5e956,exact_title,"{""exact_title"": ""meey global corp nộp hồ sơ đăng ký chứng khoán lên sec""}"
VNE_caee9f2e1b46,VNN_fd15fbdb95f4,exact_title,"{""exact_title"": ""cựu trưởng công an phú quốc bị đề nghị 14 16 năm tù""}"
VNN_4f1135696f7b,TTR_0af0cc97c349,exact_title,"{""exact_title"": ""techcom life ra mắt chương trình gieo yêu thương cùng techcom life""}"
VNN_621236c4d00c,VNE_131f838b834b,exact_title,"{""exact_title"": ""sun life đẩy mạnh mở rộng mạng lưới tại việt nam""}"
VNN_9f82850e1f03,TTR_3e51a50003ae,exact_title,"{""exact_title"": ""hdbank tiếp tục vào top 50 forbes việt nam trong bước chuyển của thị trường vốn""}"
VNN_d6688747d536,VNN_6adc5075e331,exact_title,"{""exact_title"": ""giá bạc trong nước trái chiều có loại giảm gần 1 triệu đồng kg""}"
TTR_133104563fd2,VNN_9fcdfa96e3f2,near_duplicate,"{""content_similarity_to_keeper"": 0.8828}"
TTR_1f3f9a18fcef,VNN_d8457bc70a23,near_duplicate,"{""content_similarity_to_keeper"": 0.7656}"
TTR_348a8e36c449,VNN_15b6518b26df,near_duplicate,"{""content_similarity_to_keeper"": 0.7344}"
TTR_40276249eaeb,VNE_20cc83bd2a28,near_duplicate,"{""content_similarity_to_keeper"": 0.7344}"
TTR_4a0cc81082ad,VNN_75a762888060,near_duplicate,"{""content_similarity_to_keeper"": 0.7969}"
TTR_4a212c9b69d7,VNE_7888f616d388,near_duplicate,"{""content_similarity_to_keeper"": 0.7031}"
TTR_6226ec6a9425,VNN_0ab292382ae6,near_duplicate,"{""content_similarity_to_keeper"": 0.9688}"
TTR_70964c8d767b,VNE_d37ce5f5d880,near_duplicate,"{""content_similarity_to_keeper"": 0.9219}"
TTR_71aaf4a4a75d,TTR_71ad5e4e4abb,near_duplicate,"{""content_similarity_to_keeper"": 0.8516}"
TTR_889c6701a089,VNN_0f96e6e0d02a,near_duplicate,"{""content_similarity_to_keeper"": 0.7891}"
TTR_8dbd8b01fcd8,TTR_160e5e97db58,near_duplicate,"{""content_similarity_to_keeper"": 0.8281}"
TTR_99b16830c22f,VNE_703c01767c59,near_duplicate,"{""content_similarity_to_keeper"": 0.7031}"
TTR_99b16830c22f,VNN_7a3caf8ad4d0,near_duplicate,"{""content_similarity_to_keeper"": 0.9141}"
TTR_a9a31972a47c,VNN_81a57172c4c9,near_duplicate,"{""content_similarity_to_keeper"": 0.7891}"
TTR_b1f26bbd0b0a,VNE_0b0121f0fd50,near_duplicate,"{""content_similarity_to_keeper"": 0.8672}"
TTR_c57e1c9e71a7,VNN_17ac56fadf6f,near_duplicate,"{""content_similarity_to_keeper"": 0.9219}"
TTR_f92fc5808092,TTR_b165506f4bb9,near_duplicate,"{""content_similarity_to_keeper"": 0.7656}"
TTR_f92fc5808092,TTR_f2cb6524e122,near_duplicate,"{""content_similarity_to_keeper"": 0.7266}"
VNE_557bfe5338dc,VNE_8952560101d2,near_duplicate,"{""content_similarity_to_keeper"": 0.8594}"
VNE_adab501c6b6f,TTR_16e2580828ae,near_duplicate,"{""content_similarity_to_keeper"": 0.9062}"
VNE_cadfcfbb0c41,VNE_50a41e47997b,near_duplicate,"{""content_similarity_to_keeper"": 0.9141}"
VNN_27414499f089,TTR_79617442208b,near_duplicate,"{""content_similarity_to_keeper"": 0.875}"
VNN_3ce4b74f4bca,TTR_e0de9aaf6c32,near_duplicate,"{""content_similarity_to_keeper"": 0.7812}"
VNN_4c165b45af6e,TTR_574e908e3e53,near_duplicate,"{""content_similarity_to_keeper"": 0.7344}"
VNN_523e7aec589d,VNE_c15d52a142bb,near_duplicate,"{""content_similarity_to_keeper"": 0.7188}"
VNN_56dbcf90051d,VNE_a9c8ec34cabb,near_duplicate,"{""content_similarity_to_keeper"": 0.9297}"
VNN_637769a41901,VNN_01d334185602,near_duplicate,"{""content_similarity_to_keeper"": 0.8594}"
VNN_850bd7455732,VNN_3a24d3ee63cc,near_duplicate,"{""content_similarity_to_keeper"": 0.8359}"
VNN_8e22a01bf8bf,VNE_4decda4d5f1e,near_duplicate,"{""content_similarity_to_keeper"": 0.7188}"
VNN_ae85d68b64a2,VNE_73fddc5dd732,near_duplicate,"{""content_similarity_to_keeper"": 0.8828}"
VNN_bfda5b8139ba,VNE_198e99cb9c0e,near_duplicate,"{""content_similarity_to_keeper"": 0.9141}"
VNN_f7fadc015152,TTR_ca126995f0dc,near_duplicate,"{""content_similarity_to_keeper"": 0.875}"
VNN_ffa697539e1a,VNE_55dbe74b2b95,near_duplicate,"{""content_similarity_to_keeper"": 0.9453}"
