article_id,source,category_gold,p0_len,p1_len,reduction_pct
TTR_0b67da9c1ae3,tuoitre,Giải trí,3744,788,78.95
TTR_17333921dc87,tuoitre,Thể thao,4664,3423,26.61
TTR_3fca147ad958,tuoitre,Sức khỏe,6310,4634,26.56
TTR_4f7a1a81cb13,tuoitre,Kinh doanh,2822,898,68.18
TTR_5568a505b698,tuoitre,Giải trí,3411,1872,45.12
TTR_c5a16b27dac9,tuoitre,Giáo dục,4875,1783,63.43
TTR_d1a8365550a5,tuoitre,Giáo dục,5714,328,94.26
TTR_ef0e2be105b0,tuoitre,Giải trí,15110,2283,84.89
TTR_f20ad3b450a9,tuoitre,Kinh doanh,3276,2580,21.25
VNE_1e24711e9a88,vnexpress,Pháp luật,3204,1382,56.87
VNE_2a0dc0746880,vnexpress,Thể thao,6394,3880,39.32
VNE_37fd1191e053,vnexpress,Pháp luật,811,517,36.25
VNE_403cf43297b6,vnexpress,Thể thao,6860,5343,22.11
VNE_74b9fa715270,vnexpress,Pháp luật,2367,925,60.92
VNE_a418c43e00ec,vnexpress,Thể thao,5244,1215,76.83
VNE_fe7779f36c04,vnexpress,Pháp luật,2575,1242,51.77
VNN_1569274aa4fd,vietnamnet,Giải trí,343,267,22.16
VNN_3c69c94a8000,vietnamnet,Thể thao,1134,587,48.24
VNN_4f7a45693e74,vietnamnet,Khoa học công nghệ,4069,2676,34.23
VNN_7a78ed997366,vietnamnet,Giáo dục,5820,1059,81.8
VNN_7ad4588e0555,vietnamnet,Sức khỏe,2451,483,80.29
VNN_7c3a360b7f95,vietnamnet,Thể thao,1137,586,48.46
VNN_98d6397c0c12,vietnamnet,Giải trí,343,267,22.16
VNN_991795382d70,vietnamnet,Giải trí,333,257,22.82
VNN_a464b3ee6b9f,vietnamnet,Giải trí,5638,1860,67.01
VNN_a9503ec90cf8,vietnamnet,Giải trí,306,230,24.84
VNN_bd3d9f27d6ca,vietnamnet,Giải trí,350,274,21.71
VNN_d54b926a5af3,vietnamnet,Giải trí,365,289,20.82
VNN_ec359665b87a,vietnamnet,Giải trí,331,255,22.96
