check,measurement,value,status,note
schema,column_order_match,"['article_id', 'title', 'content', 'published_at', 'source', 'url', 'category_gold']",PASS,
article_id.null,isna(),0,PASS,
article_id.blank,strip='',0,PASS,
article_id.dup,duplicated(),0,PASS,
title.null,isna(),0,PASS,
title.blank,strip='',0,PASS,
content.short,wc<50,0,PASS,
published_at.parse_fail,coerce NaT,0,PASS,
published_at.month_2609,year=2026 month=9,True,PASS,
source.valid_set,unique(),"['tuoitre', 'vietnamnet', 'vnexpress']",PASS,
url.null,isna(),0,PASS,
url.dup,duplicated(),0,PASS,
url.invalid_format,http(s)?,0,PASS,
category_gold.null,isna(),0,PASS,
category_gold.blank,strip='',0,PASS,
category_gold.valid_set,unique(),"['Giáo dục', 'Giải trí', 'Khoa học công nghệ', 'Kinh doanh', 'Pháp luật', 'Sức khỏe', 'Thể thao']",PASS,
noise.boilerplate_chia_se,regex_match,1940,INFO,
noise.boilerplate_theo_doi,regex_match,1263,INFO,
noise.boilerplate_xem_them,regex_match,21,INFO,
noise.boilerplate_quang_cao,regex_match,276,INFO,
noise.boilerplate_doc_tiep,regex_match,2,INFO,
noise.markup_html_tags,regex_match,1,INFO,
noise.markup_html_entities,regex_match,0,INFO,
noise.link_url,regex_match,180,INFO,
noise.link_email,regex_match,62,INFO,
noise.media_caption,regex_match,941,INFO,
dup.url_exact,duplicated(url),0,PASS,
dup.content_exact,duplicated(content_norm),0,PASS,
dup.title_exact_clusters,nunique(title_norm),11,WARN,
dup.title_exact_articles,count(keep=False),23,WARN,
dup.title_near_clusters,nunique(title_stripped),1,WARN,
